{
    "FactoryLight": {
        "constAtt": 0.0,
        "diffuseCuttOff": 1.0,
        "diffuseW": 1.0,
        "diffuseX": 1.0,
        "diffuseY": 0.4000000059604645,
        "diffuseZ": 0.1599999964237213,
        "directionW": 1.0,
        "directionX": 1.0,
        "directionY": 1.0,
        "directionZ": 1.0,
        "innerAngle": 1.0,
        "isLightOn": 0.0,
        "lightType": 0.0,
        "linAtt": 0.03399985283613205,
        "outerAngle": 1.0,
        "param1W": 1.0,
        "param2W": 1.0,
        "param2Y": 1.0,
        "param2Z": 1.0,
        "positionW": 1.0,
        "positionX": 39.69996643066406,
        "positionY": 44.3997802734375,
        "positionZ": -65.19957733154297,
        "quadAtt": 0.900070071220398,
        "specularB": 1.0,
        "specularG": 1.0,
        "specularPower": 1.0,
        "specularR": 1.0
    },
    "FactoryLight1": {
        "constAtt": 0.0,
        "diffuseCuttOff": 1.0,
        "diffuseW": 1.0,
        "diffuseX": 1.0,
        "diffuseY": 0.0,
        "diffuseZ": 0.0,
        "directionW": 1.0,
        "directionX": 1.0,
        "directionY": 1.0,
        "directionZ": 1.0,
        "innerAngle": 1.0,
        "isLightOn": 0.0,
        "lightType": 0.0,
        "linAtt": 1.7170239686965942,
        "outerAngle": 1.0,
        "param1W": 1.0,
        "param2W": 1.0,
        "param2Y": 1.0,
        "param2Z": 1.0,
        "positionW": 1.0,
        "positionX": 37.5,
        "positionY": 47.499732971191406,
        "positionZ": -63.89959716796875,
        "quadAtt": 0.04282905161380768,
        "specularB": 1.0,
        "specularG": 1.0,
        "specularPower": 1.0,
        "specularR": 1.0
    },
    "FactorySpot": {
        "constAtt": 0.0,
        "diffuseCuttOff": 1.0,
        "diffuseW": 1.0,
        "diffuseX": 1.0,
        "diffuseY": 1.0,
        "diffuseZ": 1.0,
        "directionW": 0.0,
        "directionX": -0.5500001311302185,
        "directionY": 0.8000003099441528,
        "directionZ": -1.1000010967254639,
        "innerAngle": 25.0,
        "isLightOn": 0.0,
        "lightType": 1.0,
        "linAtt": 5.450332537293434e-06,
        "outerAngle": 25.0,
        "param1W": 1.0,
        "param2W": 1.0,
        "param2Y": 1.0,
        "param2Z": 1.0,
        "positionW": 1.0,
        "positionX": 37.599998474121094,
        "positionY": 47.699729919433594,
        "positionZ": -65.29957580566406,
        "quadAtt": 0.02183007076382637,
        "specularB": 1.0,
        "specularG": 1.0,
        "specularPower": 1.0,
        "specularR": 1.0
    },
    "OldHouseLight": {
        "constAtt": 0.0,
        "diffuseCuttOff": 1.0,
        "diffuseW": 1.0,
        "diffuseX": 1.0,
        "diffuseY": 0.0,
        "diffuseZ": 0.0,
        "directionW": 1.0,
        "directionX": 1.0,
        "directionY": 1.0,
        "directionZ": 1.0,
        "innerAngle": 0.0,
        "isLightOn": 0.0,
        "lightType": 0.0,
        "linAtt": 0.9639909267425537,
        "outerAngle": 0.0,
        "param1W": 1.0,
        "param2W": 1.0,
        "param2Y": 1.0,
        "param2Z": 1.0,
        "positionW": 1.0,
        "positionX": 82.4000244140625,
        "positionY": -10.299943923950195,
        "positionZ": -6.499994277954102,
        "quadAtt": 0.030900564044713974,
        "specularB": 1.0,
        "specularG": 1.0,
        "specularPower": 1.0,
        "specularR": 1.0
    },
    "Sun": {
        "constAtt": 0.0,
        "diffuseCuttOff": 1.0,
        "diffuseW": 1.0,
        "diffuseX": 1.0,
        "diffuseY": 1.0,
        "diffuseZ": 1.0,
        "directionW": 1.0,
        "directionX": 0.0,
        "directionY": -1.0,
        "directionZ": 0.0,
        "innerAngle": 0.0,
        "isLightOn": 1.0,
        "lightType": 2.0,
        "linAtt": 0.07699976116418839,
        "outerAngle": 0.0,
        "param1W": 1.0,
        "param2W": 1.0,
        "param2Y": 1.0,
        "param2Z": 1.0,
        "positionW": 1.0,
        "positionX": 0.7000000476837158,
        "positionY": 11.199981689453125,
        "positionZ": 2.000000238418579,
        "quadAtt": 0.011719889007508755,
        "specularB": 1.0,
        "specularG": 1.0,
        "specularPower": 1.0,
        "specularR": 1.0
    },
    "WoodenLightHouse": {
        "constAtt": 0.0,
        "diffuseCuttOff": 1.0,
        "diffuseW": 1.0,
        "diffuseX": 1.0,
        "diffuseY": 0.0,
        "diffuseZ": 0.0,
        "directionW": 1.0,
        "directionX": 1.0,
        "directionY": 1.0,
        "directionZ": 1.0,
        "innerAngle": 0.0,
        "isLightOn": 0.0,
        "lightType": 0.0,
        "linAtt": 0.9639909267425537,
        "outerAngle": 0.0,
        "param1W": 1.0,
        "param2W": 1.0,
        "param2Y": 1.0,
        "param2Z": 1.0,
        "positionW": 1.0,
        "positionX": 74.19933319091797,
        "positionY": -13.000076293945313,
        "positionZ": 25.20004653930664,
        "quadAtt": 0.030900564044713974,
        "specularB": 1.0,
        "specularG": 1.0,
        "specularPower": 1.0,
        "specularR": 1.0
    },
    "lightHouse": {
        "constAtt": 0.0,
        "diffuseCuttOff": 1.0,
        "diffuseW": 1.0,
        "diffuseX": 1.0,
        "diffuseY": 1.0,
        "diffuseZ": 1.0,
        "directionW": 1.0,
        "directionX": 1.0,
        "directionY": 1.0,
        "directionZ": 1.0,
        "innerAngle": 0.0,
        "isLightOn": 0.0,
        "lightType": 0.0,
        "linAtt": 0.30499938130378723,
        "outerAngle": 0.0,
        "param1W": 1.0,
        "param2W": 1.0,
        "param2Y": 1.0,
        "param2Z": 1.0,
        "positionW": 1.0,
        "positionX": 46.999855041503906,
        "positionY": 58.699527740478516,
        "positionZ": -36.70001220703125,
        "quadAtt": 0.0008800000650808215,
        "specularB": 1.0,
        "specularG": 1.0,
        "specularPower": 1.0,
        "specularR": 1.0
    },
    "ship1": {
        "constAtt": 0.0,
        "diffuseCuttOff": 1.0,
        "diffuseW": 1.0,
        "diffuseX": 1.0,
        "diffuseY": 0.49000000953674316,
        "diffuseZ": 0.1599999964237213,
        "directionW": 1.0,
        "directionX": 1.0,
        "directionY": 1.0,
        "directionZ": 1.0,
        "innerAngle": 0.0,
        "isLightOn": 0.0,
        "lightType": 0.0,
        "linAtt": 2.6469902992248535,
        "outerAngle": 0.0,
        "param1W": 1.0,
        "param2W": 1.0,
        "param2Y": 1.0,
        "param2Z": 1.0,
        "positionW": 1.0,
        "positionX": 28.700071334838867,
        "positionY": 37.49988555908203,
        "positionZ": -81.09933471679688,
        "quadAtt": 0.8999999761581421,
        "specularB": 1.0,
        "specularG": 1.0,
        "specularPower": 1.0,
        "specularR": 1.0
    },
    "ship2": {
        "constAtt": 0.0,
        "diffuseCuttOff": 1.0,
        "diffuseW": 1.0,
        "diffuseX": 1.0,
        "diffuseY": 0.49000000953674316,
        "diffuseZ": 0.1599999964237213,
        "directionW": 1.0,
        "directionX": 1.0,
        "directionY": 1.0,
        "directionZ": 1.0,
        "innerAngle": 0.0,
        "isLightOn": 0.0,
        "lightType": 0.0,
        "linAtt": 3.0699596405029297,
        "outerAngle": 0.0,
        "param1W": 1.0,
        "param2W": 1.0,
        "param2Y": 1.0,
        "param2Z": 1.0,
        "positionW": 1.0,
        "positionX": 28.200069427490234,
        "positionY": 37.49988555908203,
        "positionZ": -80.09934997558594,
        "quadAtt": 0.8999999761581421,
        "specularB": 1.0,
        "specularG": 1.0,
        "specularPower": 1.0,
        "specularR": 1.0
    },
    "ship3": {
        "constAtt": 0.0,
        "diffuseCuttOff": 1.0,
        "diffuseW": 1.0,
        "diffuseX": 1.0,
        "diffuseY": 0.49000000953674316,
        "diffuseZ": 0.1599999964237213,
        "directionW": 1.0,
        "directionX": 1.0,
        "directionY": 1.0,
        "directionZ": 1.0,
        "innerAngle": 0.0,
        "isLightOn": 0.0,
        "lightType": 0.0,
        "linAtt": 3.1809515953063965,