{
    "Camera": {
        "at": [
            -0.006587323732674122,
            -0.9999930262565613,
            0.010963228531181812
        ],
        "location": [
            3.0973453521728516,
            132.1363983154297,
            -2.622799873352051
        ],
        "up": [
            -0.2350386530160904,
            0.9719333052635193,
            -0.010174986906349659
        ]
    }
}
